{"count":1,"self":66.5128896,"total":105.3357285,"children":{"InitializeActuators":{"count":18,"self":0.0021503,"total":0.0021503,"children":null},"InitializeSensors":{"count":18,"self":0.0010509999999999999,"total":0.0010509999999999999,"children":null},"AgentSendState":{"count":17084,"self":0.1186121,"total":0.35596099999999997,"children":{"CollectObservations":{"count":15381,"self":0.0201754,"total":0.0201754,"children":null},"WriteActionMask":{"count":15381,"self":0.015406399999999999,"total":0.015406399999999999,"children":null},"RequestDecision":{"count":15381,"self":0.05814,"total":0.20176709999999998,"children":{"AgentInfo.ToProto":{"count":15381,"self":0.0803639,"total":0.14362709999999998,"children":{"GenerateSensorData":{"count":15381,"self":0.063263199999999992,"total":0.063263199999999992,"children":null}}}}}}},"DecideAction":{"count":17084,"self":37.8220832,"total":37.822083299999996,"children":null},"AgentAct":{"count":17084,"self":0.6372378,"total":0.6415923,"children":{"AgentInfo.ToProto":{"count":273,"self":0.0033556999999999997,"total":0.0043545,"children":{"GenerateSensorData":{"count":273,"self":0.0009988,"total":0.0009988,"children":null}}}}}},"gauges":{"Chase.CumulativeReward":{"count":273,"max":1,"min":0,"runningAverage":0.06593409,"value":0,"weightedAverage":0.0333808064}},"metadata":{"timer_format_version":"0.1.0","start_time_seconds":"1685491931","unity_version":"2021.3.18f1","command_line_arguments":"C:\\Program Files\\Unity\\Hub\\Editor\\2021.3.18f1\\Editor\\Unity.exe -projectpath D:\\05-tilemap-pathfinding -useHub -hubIPC -cloudEnvironment production -licensingIpc LicenseClient-shmoo -hubSessionId 79bbb590-fe5a-11ed-9fbe-b9e6c9f70d57 -accessToken -6nsVK7xLliE6HCYGiYOfRpNpwoNA9-n6Od31-6iYyc011f","communication_protocol_version":"1.5.0","com.unity.ml-agents_version":"2.0.1","scene_name":"ML-Agents","end_time_seconds":"1685492037"}}